product_url,price,product_name
https://www.liveyoursport.com/products/bands-for-fitbit-charge-2-simpeak-stainless-steel-replacement-metal-band-strap-with-magnetic-closure-clasp-for-fit-bit-charge-2-black-large-black,"Rs 3,093.00",Bands for Fitbit Charge 2 Simpeak Stainless Steel Replacement Metal Band Strap with Magnetic Closure Clasp for Fit bit Charge 2 Black Large Black*
https://www.liveyoursport.com/products/bands-for-fitbit-charge-2-simpeak-stainless-steel-replacement-metal-band-strap-with-magnetic-closure-clasp-for-fit-bit-charge-2-black-large-silver,"Rs 3,093.00",Bands for Fitbit Charge 2 Simpeak Stainless Steel Replacement Metal Band Strap with Magnetic Closure Clasp for Fit bit Charge 2 Black Large Silver*
https://www.liveyoursport.com/products/diggro-id115hr-smart-bracelet-heart-rate-bluetooth-4-0-sports-pedometer-calorie-ip67-waterproof-sleep-monitor-call-sms-reminder-sedentary-reminder-for-android-ios-black,"Rs 5,659.00",Diggro ID115HR Smart Bracelet Heart Rate Bluetooth 4.0 Sports Pedometer Calorie IP67 Waterproof Sleep Monitor Call SMS Reminder Sedentary Reminder for Android IOS Black*
https://www.liveyoursport.com/products/diggro-id115hr-smart-bracelet-heart-rate-bluetooth-4-0-sports-pedometer-calorie-ip67-waterproof-sleep-monitor-call-sms-reminder-sedentary-reminder-for-android-ios-blue,"Rs 5,659.00",Diggro ID115HR Smart Bracelet Heart Rate Bluetooth 4.0 Sports Pedometer Calorie IP67 Waterproof Sleep Monitor Call SMS Reminder Sedentary Reminder for Android IOS Blue*
https://www.liveyoursport.com/products/diggro-id115hr-smart-bracelet-heart-rate-bluetooth-4-0-sports-pedometer-calorie-ip67-waterproof-sleep-monitor-call-sms-reminder-sedentary-reminder-for-android-ios-green,"Rs 5,659.00",Diggro ID115HR Smart Bracelet Heart Rate Bluetooth 4.0 Sports Pedometer Calorie IP67 Waterproof Sleep Monitor Call SMS Reminder Sedentary Reminder for Android IOS Green*
https://www.liveyoursport.com/products/fitbit-alta-hr-black-small-us-version-black-gunmental,"Rs 27,497.00",Fitbit Alta HR Black Small US Version Black Gunmental*
https://www.liveyoursport.com/products/fitbit-alta-hr-black-small-us-version-black,"Rs 22,822.00",Fitbit Alta HR Black Small US Version Black*
https://www.liveyoursport.com/products/fitbit-alta-hr-black-small-us-version-blue-gray,"Rs 22,858.00",Fitbit Alta HR Black Small US Version Blue/Gray*
https://www.liveyoursport.com/products/fitbit-alta-hr-black-small-us-version-coral,"Rs 22,855.00",Fitbit Alta HR Black Small US Version Coral*
https://www.liveyoursport.com/products/fitbit-alta-hr-black-small-us-version-fuchsia,"Rs 22,857.00",Fitbit Alta HR Black Small US Version Fuchsia*
https://www.liveyoursport.com/products/fitbit-alta-hr-black-small-us-version-pink-rose-gold,"Rs 27,497.00",Fitbit Alta HR Black Small US Version Pink Rose Gold*
https://www.liveyoursport.com/products/fitbit-blaze-bands-simpeak-rugged-protective-frame-case-with-resilient-strap-replacement-bands-for-fit-bit-blaze-smart-fitness-watch-black-case-with-band-black,"Rs 3,333.00",Fitbit Blaze Bands Simpeak Rugged Protective Frame Case with Resilient Strap Replacement Bands for Fit bit Blaze Smart Fitness Watch Black Case with band black*
https://www.liveyoursport.com/products/fitbit-blaze-bands-simpeak-rugged-protective-frame-case-with-resilient-strap-replacement-bands-for-fit-bit-blaze-smart-fitness-watch-black-red-frame-with-band-black,"Rs 3,333.00",Fitbit Blaze Bands Simpeak Rugged Protective Frame Case with Resilient Strap Replacement Bands for Fit bit Blaze Smart Fitness Watch Black Red Frame with Band Black*
https://www.liveyoursport.com/products/fitbit-blaze-bands-with-frame-simpeak-silicone-replacement-band-strap-with-black-frame-case-for-fit-bit-blaze-smart-fitness-watch-large-black-black-band-black-frame,"Rs 3,332.00",Fitbit Blaze Bands with Frame Simpeak Silicone Replacement Band Strap with Black Frame Case for Fit bit Blaze Smart Fitness Watch Large Black Black Band+Black Frame*
https://www.liveyoursport.com/products/fitbit-blaze-bands-with-frame-simpeak-silicone-replacement-band-strap-with-black-frame-case-for-fit-bit-blaze-smart-fitness-watch-large-black-black-band-rose-gold-frame,"Rs 3,332.00",Fitbit Blaze Bands with Frame Simpeak Silicone Replacement Band Strap with Black Frame Case for Fit bit Blaze Smart Fitness Watch Large Black Black Band+Rose Gold Frame*
https://www.liveyoursport.com/products/fitbit-blaze-bands-with-frame-simpeak-silicone-replacement-band-strap-with-black-frame-case-for-fit-bit-blaze-smart-fitness-watch-large-black-white-band-rose-gold-frame,"Rs 3,332.00",Fitbit Blaze Bands with Frame Simpeak Silicone Replacement Band Strap with Black Frame Case for Fit bit Blaze Smart Fitness Watch Large Black White Band+Rose Gold Frame*
https://www.liveyoursport.com/products/fitbit-blaze-special-edition-gun-metal-large-us-version-black-silver,"Rs 30,227.00","Fitbit Blaze Special Edition Gun Metal Large US Version Black, Silver*"
https://www.liveyoursport.com/products/fitbit-blaze-special-edition-gun-metal-large-us-version-blue-silver,"Rs 30,081.00","Fitbit Blaze Special Edition Gun Metal Large US Version Blue, Silver*"
https://www.liveyoursport.com/products/fitbit-blaze-special-edition-gun-metal-large-us-version-plum-silver,"Rs 30,031.00","Fitbit Blaze Special Edition Gun Metal Large US Version Plum, Silver*"
https://www.liveyoursport.com/products/fitbit-charge-2-accessory-sport-band-coral-small-black,"Rs 5,997.00",Fitbit Charge 2 Accessory Sport Band Coral Small Black*
https://www.liveyoursport.com/products/fitbit-charge-2-accessory-sport-band-coral-small-blue,"Rs 5,997.00",Fitbit Charge 2 Accessory Sport Band Coral Small Blue*
https://www.liveyoursport.com/products/fitbit-charge-2-heart-rate-fitness-wristband-black-large-international-version-gunmetal,"Rs 26,749.00",Fitbit Charge 2 Heart Rate Fitness Wristband Black Large International Version Gunmetal*
https://www.liveyoursport.com/products/fitbit-charge-2-heart-rate-fitness-wristband-black-large-us-version-black,"Rs 23,026.00",Fitbit Charge 2 Heart Rate Fitness Wristband Black Large US Version Black*
https://www.liveyoursport.com/products/fitbit-charge-2-heart-rate-fitness-wristband-black-large-us-version-blue,"Rs 44,352.00",Fitbit Charge 2 Heart Rate Fitness Wristband Black Large US Version Blue*
https://www.liveyoursport.com/products/fitbit-charge-2-heart-rate-fitness-wristband-black-large-us-version-plum,"Rs 22,803.00",Fitbit Charge 2 Heart Rate Fitness Wristband Black Large US Version Plum*
https://www.liveyoursport.com/products/fitbit-charge-2-heart-rate-fitness-wristband-black-large-us-version-special-edition-gunmetal,"Rs 27,497.00",Fitbit Charge 2 Heart Rate Fitness Wristband Black Large US Version Special Edition Gunmetal*
https://www.liveyoursport.com/products/fitbit-charge-2-heart-rate-fitness-wristband-black-large-us-version-special-edition-lavender-rose-gold,"Rs 27,326.00",Fitbit Charge 2 Heart Rate Fitness Wristband Black Large US Version Special Edition Lavender Rose Gold*
https://www.liveyoursport.com/products/fitbit-charge-2-heart-rate-fitness-wristband-black-large-us-version-teal,"Rs 22,992.00",Fitbit Charge 2 Heart Rate Fitness Wristband Black Large US Version Teal*
https://www.liveyoursport.com/products/fitness-tracker-morefit-slim-hr-heart-rate-touch-screen-activity-tracker-wireless-smart-bracelet-pedometer-silver-blue,"Rs 5,659.00",Fitness Tracker MoreFit Slim HR Heart Rate Touch Screen Activity Tracker Wireless Smart Bracelet Pedometer Silver/ Blue*
https://www.liveyoursport.com/products/fitness-tracker-morefit-slim-hr-heart-rate-touch-screen-activity-tracker-wireless-smart-bracelet-pedometer-silver-black,"Rs 5,659.00",Fitness Tracker MoreFit Slim HR Heart Rate Touch Screen Activity Tracker Wireless Smart Bracelet Pedometer Silver/Black*
https://www.liveyoursport.com/products/fitness-tracker-morefit-slim-hr-heart-rate-touch-screen-activity-tracker-wireless-smart-bracelet-pedometer-silver-blush,"Rs 5,659.00",Fitness Tracker MoreFit Slim HR Heart Rate Touch Screen Activity Tracker Wireless Smart Bracelet Pedometer Silver/Blush*
https://www.liveyoursport.com/products/fitness-tracker-morefit-slim-hr-heart-rate-touch-screen-activity-tracker-wireless-smart-bracelet-pedometer-silver-purple,"Rs 5,659.00",Fitness Tracker MoreFit Slim HR Heart Rate Touch Screen Activity Tracker Wireless Smart Bracelet Pedometer Silver/Purple*
https://www.liveyoursport.com/products/fitness-tracker-morefit-slim-hr-heart-rate-touch-screen-activity-tracker-wireless-smart-bracelet-pedometer-silver-teal,"Rs 5,659.00",Fitness Tracker MoreFit Slim HR Heart Rate Touch Screen Activity Tracker Wireless Smart Bracelet Pedometer Silver/Teal*
https://www.liveyoursport.com/products/for-fitbit-blaze-bands-large-black-with-frame-henoda-silicone-wristband-for-fitbit-blaze-smart-watch-men-1pcs-black-steel-frame,"Rs 3,262.00",For Fitbit Blaze Bands Large Black with Frame Henoda Silicone Wristband for Fitbit Blaze Smart Watch Men 1PCS Black Steel Frame*
https://www.liveyoursport.com/products/for-fitbit-blaze-bands-large-black-with-frame-henoda-silicone-wristband-for-fitbit-blaze-smart-watch-men-a-black-large-band-with-frame,"Rs 3,842.00",For Fitbit Blaze Bands Large Black with Frame Henoda Silicone Wristband for Fitbit Blaze Smart Watch Men A Black Large Band with Frame*
https://www.liveyoursport.com/products/for-fitbit-blaze-bands-large-black-with-frame-henoda-silicone-wristband-for-fitbit-blaze-smart-watch-men-a-black-small-band-with-frame,"Rs 3,842.00",For Fitbit Blaze Bands Large Black with Frame Henoda Silicone Wristband for Fitbit Blaze Smart Watch Men A Black Small Band with Frame*
https://www.liveyoursport.com/products/for-fitbit-blaze-bands-large-black-with-frame-henoda-silicone-wristband-for-fitbit-blaze-smart-watch-men-a-teal-large-band-with-frame,"Rs 3,842.00",For Fitbit Blaze Bands Large Black with Frame Henoda Silicone Wristband for Fitbit Blaze Smart Watch Men A Teal Large Band with Frame*
https://www.liveyoursport.com/products/for-fitbit-blaze-bands-large-black-with-frame-henoda-silicone-wristband-for-fitbit-blaze-smart-watch-men-a-white-large-band-with-frame,"Rs 3,842.00",For Fitbit Blaze Bands Large Black with Frame Henoda Silicone Wristband for Fitbit Blaze Smart Watch Men A White Large Band with Frame*
https://www.liveyoursport.com/products/for-fitbit-blaze-bands-large-black-with-frame-henoda-silicone-wristband-for-fitbit-blaze-smart-watch-men-mistyrose-large-high-quality-silicone,"Rs 2,682.00","For Fitbit Blaze Bands Large Black with Frame Henoda Silicone Wristband for Fitbit Blaze Smart Watch Men Mistyrose,Large,(High Quality Silicone)*"
https://www.liveyoursport.com/products/for-fitbit-blaze-bands-large-black-with-frame-henoda-silicone-wristband-for-fitbit-blaze-smart-watch-men-mistyrose-small-high-quality-silicone,"Rs 2,682.00","For Fitbit Blaze Bands Large Black with Frame Henoda Silicone Wristband for Fitbit Blaze Smart Watch Men Mistyrose,Small,(High Quality Silicone)*"
https://www.liveyoursport.com/products/for-fitbit-blaze-bands-large-black-with-frame-henoda-silicone-wristband-for-fitbit-blaze-smart-watch-men-tangerine-large-high-quality-silicone,"Rs 2,682.00","For Fitbit Blaze Bands Large Black with Frame Henoda Silicone Wristband for Fitbit Blaze Smart Watch Men Tangerine,Large,(High Quality Silicone)*"
https://www.liveyoursport.com/products/for-fitbit-blaze-bands-large-black-with-frame-henoda-silicone-wristband-for-fitbit-blaze-smart-watch-men-tangerine-small-high-quality-silicone,"Rs 2,682.00","For Fitbit Blaze Bands Large Black with Frame Henoda Silicone Wristband for Fitbit Blaze Smart Watch Men Tangerine,Small,(High Quality Silicone)*"
https://www.liveyoursport.com/products/for-fitbit-blaze-bands-large-black-with-frame-henoda-silicone-wristband-for-fitbit-blaze-smart-watch-men-turquoise-large-high-quality-silicone,"Rs 2,682.00","For Fitbit Blaze Bands Large Black with Frame Henoda Silicone Wristband for Fitbit Blaze Smart Watch Men Turquoise,Large,(High Quality Silicone)*"
https://www.liveyoursport.com/products/for-fitbit-blaze-bands-large-black-with-frame-henoda-silicone-wristband-for-fitbit-blaze-smart-watch-men-violet-large-high-quality-silicone,"Rs 2,682.00","For Fitbit Blaze Bands Large Black with Frame Henoda Silicone Wristband for Fitbit Blaze Smart Watch Men Violet,Large,(High Quality Silicone)*"
https://www.liveyoursport.com/products/for-fitbit-blaze-bands-large-black-with-frame-henoda-silicone-wristband-for-fitbit-blaze-smart-watch-men-white-large-high-quality-silicone,"Rs 2,682.00","For Fitbit Blaze Bands Large Black with Frame Henoda Silicone Wristband for Fitbit Blaze Smart Watch Men White,Large,(High Quality Silicone)*"
https://www.liveyoursport.com/products/garmin-heart-rate-monitor,"Rs 4,295.00",Garmin Heart Rate Monitor*
https://www.liveyoursport.com/products/garmin-vivofit-3-activity-tracker-regular-fit-black-black,"Rs 13,099.00",Garmin vivofit 3 Activity Tracker Regular fit - Black Black*
https://www.liveyoursport.com/products/garmin-vivofit-3-activity-tracker-regular-fit-black-white,"Rs 11,699.00",Garmin vivofit 3 Activity Tracker Regular fit - Black White*
https://www.liveyoursport.com/products/heart-rate-monitor-007plus-bluetooth-4-0-fitness-tracker-pedometers-sleep-monitor-activity-trackers-for-android-ios-smartphone-black,"Rs 5,079.00",Heart Rate Monitor 007plus Bluetooth 4.0 Fitness Tracker Pedometers Sleep Monitor Activity Trackers for Android iOS Smartphone Black*
https://www.liveyoursport.com/products/heart-rate-monitor-007plus-bluetooth-4-0-fitness-tracker-pedometers-sleep-monitor-activity-trackers-for-android-ios-smartphone-blue,"Rs 5,249.00",Heart Rate Monitor 007plus Bluetooth 4.0 Fitness Tracker Pedometers Sleep Monitor Activity Trackers for Android iOS Smartphone Blue*
https://www.liveyoursport.com/products/heart-rate-monitor-007plus-bluetooth-4-0-fitness-tracker-pedometers-sleep-monitor-activity-trackers-for-android-ios-smartphone-orange,"Rs 5,249.00",Heart Rate Monitor 007plus Bluetooth 4.0 Fitness Tracker Pedometers Sleep Monitor Activity Trackers for Android iOS Smartphone Orange*
https://www.liveyoursport.com/products/heart-rate-monitor-007plus-bluetooth-4-0-fitness-tracker-pedometers-sleep-monitor-activity-trackers-for-android-ios-smartphone-purple,"Rs 4,839.00",Heart Rate Monitor 007plus Bluetooth 4.0 Fitness Tracker Pedometers Sleep Monitor Activity Trackers for Android iOS Smartphone Purple*
https://www.liveyoursport.com/products/mio-alpha-2-heart-rate-watch-activity-tracker,"Rs 13,099.00",Mio ALPHA 2 Heart Rate Watch Activity Tracker*
https://www.liveyoursport.com/products/mio-slice-heart-rate-activity-tracker-black,"Rs 20,130.00",Mio SLICE Heart Rate Activity Tracker Black*
https://www.liveyoursport.com/products/mio-slice-heart-rate-activity-tracker-navy,"Rs 20,130.00",Mio SLICE Heart Rate Activity Tracker Navy*
https://www.liveyoursport.com/products/mio-slice-heart-rate-activity-tracker-sienna,"Rs 13,823.00",Mio SLICE Heart Rate Activity Tracker Sienna*
https://www.liveyoursport.com/products/mio-slice-heart-rate-activity-tracker-stone,"Rs 16,220.00",Mio SLICE Heart Rate Activity Tracker Stone*
https://www.liveyoursport.com/products/nonin-medical-go2-achieve-personal-fingertip-pulse-oximeter-blue-made-in-the-usa-with-2-year-warranty-blue,"Rs 14,430.00",Nonin Medical GO2 Achieve Personal Fingertip Pulse Oximeter Blue Made in the USA with 2-year Warranty Blue*
https://www.liveyoursport.com/products/nonin-medical-go2-achieve-personal-fingertip-pulse-oximeter-blue-made-in-the-usa-with-2-year-warranty-green,"Rs 14,430.00",Nonin Medical GO2 Achieve Personal Fingertip Pulse Oximeter Blue Made in the USA with 2-year Warranty Green*
https://www.liveyoursport.com/products/onlydriod-coospo-h6-dual-mode-bluetooth-ant-heart-rate-monitor-bluetooth-v4-0-wireless-sport-heart-rate-sensor-chest-belt-monitor-for-real-time-reciever-ant-blue-tooth,"Rs 5,589.00",Onlydriod CooSpo H6 Dual Mode Bluetooth ANT Heart Rate Monitor Bluetooth V4.0 Wireless Sport Heart Rate Sensor Chest Belt Monitor for Real-time Reciever Ant+blue tooth*
https://www.liveyoursport.com/products/onlydriod-coospo-h6-dual-mode-bluetooth-ant-heart-rate-monitor-bluetooth-v4-0-wireless-sport-heart-rate-sensor-chest-belt-monitor-for-real-time-reciever-only-blue-tooth,"Rs 5,419.00",Onlydriod CooSpo H6 Dual Mode Bluetooth ANT Heart Rate Monitor Bluetooth V4.0 Wireless Sport Heart Rate Sensor Chest Belt Monitor for Real-time Reciever only blue tooth*
https://www.liveyoursport.com/products/onlydriod-coospo-h6-dual-mode-bluetooth-ant-heart-rate-monitor-bluetooth-v4-0-wireless-sport-heart-rate-sensor-chest-belt-monitor-for-real-time-reciever-strap-only,"Rs 3,439.00",Onlydriod CooSpo H6 Dual Mode Bluetooth ANT Heart Rate Monitor Bluetooth V4.0 Wireless Sport Heart Rate Sensor Chest Belt Monitor for Real-time Reciever strap only*
https://www.liveyoursport.com/products/polar-a360-wristband-blue,"Rs 5,247.00",Polar A360 Wristband Blue*
https://www.liveyoursport.com/products/polar-a360-wristband-green,"Rs 4,673.00",Polar A360 Wristband Green*
https://www.liveyoursport.com/products/polar-a360-wristband-pink,"Rs 5,247.00",Polar A360 Wristband Pink*
https://www.liveyoursport.com/products/polar-a370-fitness-tracker-with-24-7-wrist-based-hr-black,"Rs 27,490.00",Polar A370 Fitness Tracker with 24 7 Wrist Based HR Black*
https://www.liveyoursport.com/products/polar-a370-fitness-tracker-with-24-7-wrist-based-hr-white,"Rs 27,497.00",Polar A370 Fitness Tracker with 24 7 Wrist Based HR White*
https://www.liveyoursport.com/products/polar-a370-wrist-band-black,"Rs 5,247.00",Polar A370 Wrist Band Black*
https://www.liveyoursport.com/products/polar-a370-wrist-band-deep-blue,"Rs 5,247.00",Polar A370 Wrist Band Deep Blue*
https://www.liveyoursport.com/products/polar-a370-wrist-band-ivory-white,"Rs 5,247.00",Polar A370 Wrist Band Ivory White*
https://www.liveyoursport.com/products/polar-a370-wrist-band-ruby-red,"Rs 5,247.00",Polar A370 Wrist Band Ruby Red*
https://www.liveyoursport.com/products/polar-ft1-heart-rate-monitor-blue,"Rs 29,139.00",Polar Ft1 Heart Rate Monitor Blue*
https://www.liveyoursport.com/products/bands-for-fitbit-charge-2-simpeak-stainless-steel-replacement-metal-band-strap-with-magnetic-closure-clasp-for-fit-bit-charge-2-black-large-black,"Rs 3,093.00",Bands for Fitbit Charge 2 Simpeak Stainless Steel Replacement Metal Band Strap with Magnetic Closure Clasp for Fit bit Charge 2 Black Large Black*
https://www.liveyoursport.com/products/bands-for-fitbit-charge-2-simpeak-stainless-steel-replacement-metal-band-strap-with-magnetic-closure-clasp-for-fit-bit-charge-2-black-large-silver,"Rs 3,093.00",Bands for Fitbit Charge 2 Simpeak Stainless Steel Replacement Metal Band Strap with Magnetic Closure Clasp for Fit bit Charge 2 Black Large Silver*
https://www.liveyoursport.com/products/diggro-id115hr-smart-bracelet-heart-rate-bluetooth-4-0-sports-pedometer-calorie-ip67-waterproof-sleep-monitor-call-sms-reminder-sedentary-reminder-for-android-ios-black,"Rs 5,659.00",Diggro ID115HR Smart Bracelet Heart Rate Bluetooth 4.0 Sports Pedometer Calorie IP67 Waterproof Sleep Monitor Call SMS Reminder Sedentary Reminder for Android IOS Black*
https://www.liveyoursport.com/products/diggro-id115hr-smart-bracelet-heart-rate-bluetooth-4-0-sports-pedometer-calorie-ip67-waterproof-sleep-monitor-call-sms-reminder-sedentary-reminder-for-android-ios-blue,"Rs 5,659.00",Diggro ID115HR Smart Bracelet Heart Rate Bluetooth 4.0 Sports Pedometer Calorie IP67 Waterproof Sleep Monitor Call SMS Reminder Sedentary Reminder for Android IOS Blue*
https://www.liveyoursport.com/products/diggro-id115hr-smart-bracelet-heart-rate-bluetooth-4-0-sports-pedometer-calorie-ip67-waterproof-sleep-monitor-call-sms-reminder-sedentary-reminder-for-android-ios-green,"Rs 5,659.00",Diggro ID115HR Smart Bracelet Heart Rate Bluetooth 4.0 Sports Pedometer Calorie IP67 Waterproof Sleep Monitor Call SMS Reminder Sedentary Reminder for Android IOS Green*
https://www.liveyoursport.com/products/fitbit-alta-hr-black-small-us-version-black-gunmental,"Rs 27,497.00",Fitbit Alta HR Black Small US Version Black Gunmental*
https://www.liveyoursport.com/products/fitbit-alta-hr-black-small-us-version-black,"Rs 22,822.00",Fitbit Alta HR Black Small US Version Black*
https://www.liveyoursport.com/products/fitbit-alta-hr-black-small-us-version-blue-gray,"Rs 22,858.00",Fitbit Alta HR Black Small US Version Blue/Gray*
https://www.liveyoursport.com/products/fitbit-alta-hr-black-small-us-version-coral,"Rs 22,855.00",Fitbit Alta HR Black Small US Version Coral*
https://www.liveyoursport.com/products/fitbit-alta-hr-black-small-us-version-fuchsia,"Rs 22,857.00",Fitbit Alta HR Black Small US Version Fuchsia*
https://www.liveyoursport.com/products/fitbit-alta-hr-black-small-us-version-pink-rose-gold,"Rs 27,497.00",Fitbit Alta HR Black Small US Version Pink Rose Gold*
https://www.liveyoursport.com/products/fitbit-blaze-bands-simpeak-rugged-protective-frame-case-with-resilient-strap-replacement-bands-for-fit-bit-blaze-smart-fitness-watch-black-case-with-band-black,"Rs 3,333.00",Fitbit Blaze Bands Simpeak Rugged Protective Frame Case with Resilient Strap Replacement Bands for Fit bit Blaze Smart Fitness Watch Black Case with band black*
https://www.liveyoursport.com/products/fitbit-blaze-bands-simpeak-rugged-protective-frame-case-with-resilient-strap-replacement-bands-for-fit-bit-blaze-smart-fitness-watch-black-red-frame-with-band-black,"Rs 3,333.00",Fitbit Blaze Bands Simpeak Rugged Protective Frame Case with Resilient Strap Replacement Bands for Fit bit Blaze Smart Fitness Watch Black Red Frame with Band Black*
https://www.liveyoursport.com/products/fitbit-blaze-bands-with-frame-simpeak-silicone-replacement-band-strap-with-black-frame-case-for-fit-bit-blaze-smart-fitness-watch-large-black-black-band-black-frame,"Rs 3,332.00",Fitbit Blaze Bands with Frame Simpeak Silicone Replacement Band Strap with Black Frame Case for Fit bit Blaze Smart Fitness Watch Large Black Black Band+Black Frame*
https://www.liveyoursport.com/products/fitbit-blaze-bands-with-frame-simpeak-silicone-replacement-band-strap-with-black-frame-case-for-fit-bit-blaze-smart-fitness-watch-large-black-black-band-rose-gold-frame,"Rs 3,332.00",Fitbit Blaze Bands with Frame Simpeak Silicone Replacement Band Strap with Black Frame Case for Fit bit Blaze Smart Fitness Watch Large Black Black Band+Rose Gold Frame*
https://www.liveyoursport.com/products/fitbit-blaze-bands-with-frame-simpeak-silicone-replacement-band-strap-with-black-frame-case-for-fit-bit-blaze-smart-fitness-watch-large-black-white-band-rose-gold-frame,"Rs 3,332.00",Fitbit Blaze Bands with Frame Simpeak Silicone Replacement Band Strap with Black Frame Case for Fit bit Blaze Smart Fitness Watch Large Black White Band+Rose Gold Frame*
https://www.liveyoursport.com/products/fitbit-blaze-special-edition-gun-metal-large-us-version-black-silver,"Rs 30,227.00","Fitbit Blaze Special Edition Gun Metal Large US Version Black, Silver*"
https://www.liveyoursport.com/products/fitbit-blaze-special-edition-gun-metal-large-us-version-blue-silver,"Rs 30,081.00","Fitbit Blaze Special Edition Gun Metal Large US Version Blue, Silver*"
https://www.liveyoursport.com/products/fitbit-blaze-special-edition-gun-metal-large-us-version-plum-silver,"Rs 30,031.00","Fitbit Blaze Special Edition Gun Metal Large US Version Plum, Silver*"
https://www.liveyoursport.com/products/fitbit-charge-2-accessory-sport-band-coral-small-black,"Rs 5,997.00",Fitbit Charge 2 Accessory Sport Band Coral Small Black*
https://www.liveyoursport.com/products/fitbit-charge-2-accessory-sport-band-coral-small-blue,"Rs 5,997.00",Fitbit Charge 2 Accessory Sport Band Coral Small Blue*
https://www.liveyoursport.com/products/fitbit-charge-2-heart-rate-fitness-wristband-black-large-international-version-gunmetal,"Rs 26,749.00",Fitbit Charge 2 Heart Rate Fitness Wristband Black Large International Version Gunmetal*
https://www.liveyoursport.com/products/fitbit-charge-2-heart-rate-fitness-wristband-black-large-us-version-black,"Rs 23,026.00",Fitbit Charge 2 Heart Rate Fitness Wristband Black Large US Version Black*
https://www.liveyoursport.com/products/fitbit-charge-2-heart-rate-fitness-wristband-black-large-us-version-blue,"Rs 44,352.00",Fitbit Charge 2 Heart Rate Fitness Wristband Black Large US Version Blue*
https://www.liveyoursport.com/products/fitbit-charge-2-heart-rate-fitness-wristband-black-large-us-version-plum,"Rs 22,803.00",Fitbit Charge 2 Heart Rate Fitness Wristband Black Large US Version Plum*
https://www.liveyoursport.com/products/fitbit-charge-2-heart-rate-fitness-wristband-black-large-us-version-special-edition-gunmetal,"Rs 27,497.00",Fitbit Charge 2 Heart Rate Fitness Wristband Black Large US Version Special Edition Gunmetal*
https://www.liveyoursport.com/products/fitbit-charge-2-heart-rate-fitness-wristband-black-large-us-version-special-edition-lavender-rose-gold,"Rs 27,326.00",Fitbit Charge 2 Heart Rate Fitness Wristband Black Large US Version Special Edition Lavender Rose Gold*
https://www.liveyoursport.com/products/fitbit-charge-2-heart-rate-fitness-wristband-black-large-us-version-teal,"Rs 22,992.00",Fitbit Charge 2 Heart Rate Fitness Wristband Black Large US Version Teal*
https://www.liveyoursport.com/products/fitness-tracker-morefit-slim-hr-heart-rate-touch-screen-activity-tracker-wireless-smart-bracelet-pedometer-silver-blue,"Rs 5,659.00",Fitness Tracker MoreFit Slim HR Heart Rate Touch Screen Activity Tracker Wireless Smart Bracelet Pedometer Silver/ Blue*
https://www.liveyoursport.com/products/fitness-tracker-morefit-slim-hr-heart-rate-touch-screen-activity-tracker-wireless-smart-bracelet-pedometer-silver-black,"Rs 5,659.00",Fitness Tracker MoreFit Slim HR Heart Rate Touch Screen Activity Tracker Wireless Smart Bracelet Pedometer Silver/Black*
https://www.liveyoursport.com/products/fitness-tracker-morefit-slim-hr-heart-rate-touch-screen-activity-tracker-wireless-smart-bracelet-pedometer-silver-blush,"Rs 5,659.00",Fitness Tracker MoreFit Slim HR Heart Rate Touch Screen Activity Tracker Wireless Smart Bracelet Pedometer Silver/Blush*
https://www.liveyoursport.com/products/fitness-tracker-morefit-slim-hr-heart-rate-touch-screen-activity-tracker-wireless-smart-bracelet-pedometer-silver-purple,"Rs 5,659.00",Fitness Tracker MoreFit Slim HR Heart Rate Touch Screen Activity Tracker Wireless Smart Bracelet Pedometer Silver/Purple*
https://www.liveyoursport.com/products/fitness-tracker-morefit-slim-hr-heart-rate-touch-screen-activity-tracker-wireless-smart-bracelet-pedometer-silver-teal,"Rs 5,659.00",Fitness Tracker MoreFit Slim HR Heart Rate Touch Screen Activity Tracker Wireless Smart Bracelet Pedometer Silver/Teal*
https://www.liveyoursport.com/products/for-fitbit-blaze-bands-large-black-with-frame-henoda-silicone-wristband-for-fitbit-blaze-smart-watch-men-1pcs-black-steel-frame,"Rs 3,262.00",For Fitbit Blaze Bands Large Black with Frame Henoda Silicone Wristband for Fitbit Blaze Smart Watch Men 1PCS Black Steel Frame*
https://www.liveyoursport.com/products/for-fitbit-blaze-bands-large-black-with-frame-henoda-silicone-wristband-for-fitbit-blaze-smart-watch-men-a-black-large-band-with-frame,"Rs 3,842.00",For Fitbit Blaze Bands Large Black with Frame Henoda Silicone Wristband for Fitbit Blaze Smart Watch Men A Black Large Band with Frame*
https://www.liveyoursport.com/products/for-fitbit-blaze-bands-large-black-with-frame-henoda-silicone-wristband-for-fitbit-blaze-smart-watch-men-a-black-small-band-with-frame,"Rs 3,842.00",For Fitbit Blaze Bands Large Black with Frame Henoda Silicone Wristband for Fitbit Blaze Smart Watch Men A Black Small Band with Frame*
